<?xml version="1.0" encoding="UTF-8"?>
<project-private xmlns="http://www.netbeans.org/ns/project-private/1">
    <editor-bookmarks xmlns="http://www.netbeans.org/ns/editor-bookmarks/2" lastBookmarkId="0"/>
    <open-files xmlns="http://www.netbeans.org/ns/projectui-open-files/2">
        <group>
            <file>file:/C:/Users/sxk210195/Documents/NetBeansProjects/dbproject/src/dbproject/Fines.java</file>
            <file>file:/C:/Users/sxk210195/Documents/NetBeansProjects/dbproject/src/dbproject/Checkout.java</file>
            <file>file:/C:/Users/sxk210195/Documents/NetBeansProjects/dbproject/src/dbproject/Borrower.java</file>
            <file>file:/C:/Users/sxk210195/Documents/NetBeansProjects/dbproject/src/dbproject/Checkin.java</file>
            <file>file:/C:/Users/sxk210195/Documents/NetBeansProjects/dbproject/src/dbproject/Frontpage.java</file>
            <file>file:/C:/Users/sxk210195/Documents/NetBeansProjects/dbproject/src/dbproject/Secondpage.java</file>
            <file>file:/C:/Users/sxk210195/Documents/NetBeansProjects/dbproject/src/dbproject/bookdetails.java</file>
        </group>
    </open-files>
</project-private>
